Quotazioni Fantacalcio Stagione 2024 25,,,,,,,,,,,,
Id,R,RM,Nome,Squadra,Qt.A,Qt.I,Diff.,Qt.A M,Qt.I M,Diff.M,FVM,FVM M
2428,P,Por,Sommer,Inter,18,18,0,18,18,0,111,111
5876,P,Por,Di Gregorio,Juventus,17,17,0,17,17,0,100,100
4312,P,Por,Maignan,Milan,15,15,0,15,15,0,82,82
572,P,Por,Meret,Napoli,14,15,-1,14,15,-1,72,72
5841,P,Por,Svilar,Roma,14,13,1,14,13,1,72,68
4431,P,Por,Carnesecchi,Atalanta,13,13,0,13,13,0,20,20
133,P,Por,Skorupski,Bologna,12,11,1,12,11,1,55,55
2814,P,Por,Provedel,Lazio,12,12,0,12,12,0,60,60
2521,P,Por,De Gea,Fiorentina,11,11,0,11,11,0,45,45
2815,P,Por,Terracciano,Fiorentina,11,11,0,11,11,0,9,9
610,P,Por,Gollini,Genoa,10,10,0,10,10,0,38,38
2170,P,Por,Milinkovic-Savic V.,Torino,10,10,0,10,10,0,42,42
761,P,Por,Audero,Como,9,9,0,9,9,0,27,27
574,P,Por,Scuffet,Cagliari,8,7,1,8,7,1,29,29
2134,P,Por,Falcone,Lecce,8,9,-1,8,9,-1,32,32
4867,P,Por,Turati,Monza,8,8,0,8,8,0,23,23
4957,P,Por,Montipo',Verona,8,7,1,8,7,1,30,30
6462,P,Por,Okoye,Udinese,7,7,0,7,7,0,27,27
6641,P,Por,Suzuki,Parma,7,7,0,7,7,0,22,22
4425,P,Por,Joronen,Venezia,6,6,0,6,6,0,16,16
6125,P,Por,Vasquez D.,Empoli,6,5,1,6,5,1,14,14
2792,P,Por,Musso,Atalanta,4,3,1,4,3,1,57,57
218,P,Por,Perin,Juventus,2,2,0,2,2,0,3,3
387,P,Por,Reina,Como,2,2,0,2,2,0,12,12
4360,P,Por,Caprile,Napoli,2,2,0,2,2,0,4,4
5116,P,Por,Martinez Jo.,Inter,2,2,0,2,2,0,4,4
6682,P,Por,Pizzignacco,Monza,2,1,1,2,1,1,15,15
4,P,Por,Sportiello,Milan,1,1,0,1,1,0,1,1
188,P,Por,Leali,Genoa,1,1,0,1,1,0,1,1
216,P,Por,Donnarumma An.,Torino,1,1,0,1,1,0,1,1
219,P,Por,Sommariva,Genoa,1,1,0,1,1,0,1,1
511,P,Por,Perilli,Verona,1,1,0,1,1,0,1,1
543,P,Por,Padelli,Udinese,1,1,0,1,1,0,1,1
673,P,Por,Perisan,Empoli,1,1,0,1,1,0,1,1
1926,P,Por,Di Gennaro,Inter,1,1,0,1,1,0,1,1
1930,P,Por,Pinsoglio,Juventus,1,1,0,1,1,0,1,1
2178,P,Por,Cragno,Monza,1,1,0,1,1,0,1,1
2211,P,Por,Silvestri,Udinese,1,1,0,1,1,0,1,1
2297,P,Por,Rossi F.,Atalanta,1,1,0,1,1,0,1,1
2401,P,Por,Fruchtl,Lecce,1,1,0,1,1,0,1,1
2722,P,Por,Ravaglia F.,Bologna,1,1,0,1,1,0,1,1
2809,P,Por,Vigorito,Como,1,1,0,1,1,0,1,1
2845,P,Por,Contini,Napoli,1,1,0,1,1,0,1,1
4351,P,Por,Brancolini,Empoli,1,1,0,1,1,0,1,1
4491,P,Por,Berardi A.,Verona,1,1,0,1,1,0,1,1
4929,P,Por,Ciocci,Cagliari,1,1,0,1,1,0,1,1
5320,P,Por,Paleari,Torino,1,1,0,1,1,0,1,1
5384,P,Por,Ryan,Roma,1,1,0,1,1,0,1,1
5521,P,Por,Bertinato,Venezia,1,1,0,1,1,0,1,1
5822,P,Por,Bagnolini,Bologna,1,1,0,1,1,0,1,1
5853,P,Por,Sorrentino A.,Monza,1,1,0,1,1,0,1,1
6184,P,Por,Martinelli T.,Fiorentina,1,1,0,1,1,0,1,1
6248,P,Por,Stankovic F.,Venezia,1,1,0,1,1,0,1,1
6403,P,Por,Christensen O.,Fiorentina,1,1,0,1,1,0,1,1
6417,P,Por,Furlanetto,Lazio,1,1,0,1,1,0,1,1
6482,P,Por,Mandas,Lazio,1,1,0,1,1,0,1,1
6505,P,Por,Nava,Milan,1,1,0,1,1,0,1,1
6523,P,Por,Samooja,Lecce,1,1,0,1,1,0,1,1
6650,P,Por,Sherri,Cagliari,1,1,0,1,1,0,1,1
6651,P,Por,Chiorra,Empoli,1,1,0,1,1,0,1,1
6661,P,Por,Chichizola,Parma,1,1,0,1,1,0,1,1
6662,P,Por,Corvi,Parma,1,1,0,1,1,0,1,1
6671,P,Por,Grandi,Venezia,1,1,0,1,1,0,1,1
6813,P,Por,Torriani,Milan,1,1,0,1,1,0,1,1
6824,P,Por,Marin Re.,Roma,1,1,0,1,1,0,1,1
6842,P,Por,Sava,Udinese,1,1,0,1,1,0,1,1
254,D,E,Dimarco,Inter,24,24,0,23,23,0,101,96
4292,D,Ds;E,Hernandez T.,Milan,20,20,0,20,20,0,80,80
2816,D,B;Dd;E,Di Lorenzo,Napoli,17,18,-1,19,20,-1,61,75
2120,D,Dc,Bastoni,Inter,16,16,0,16,16,0,50,50
2724,D,Dc,Buongiorno,Napoli,16,16,0,16,16,0,51,51
2788,D,Dc,Bremer,Juventus,16,16,0,16,16,0,52,52
5513,D,E,Dumfries,Inter,16,16,0,15,15,0,51,48
4177,D,Dd;Dc,Pavard,Inter,14,14,0,15,15,0,42,46
4237,D,B;Dd;Ds,Danilo,Juventus,14,14,0,16,16,0,32,44
4751,D,Dc,Tomori,Milan,14,14,0,14,14,0,40,40
1852,D,E,Spinazzola,Napoli,13,13,0,12,12,0,43,40
4887,D,E,Bellanova,Atalanta,13,13,0,12,12,0,45,40
4816,D,B;Dd;Ds,Emerson Royal,Milan,12,12,0,12,12,0,39,39
5354,D,E,Ruggeri,Atalanta,12,11,1,11,10,1,42,40
5323,D,Dc,Martinez Quarta,Fiorentina,11,11,0,11,11,0,32,32
460,D,Dc,Romagnoli,Lazio,10,10,0,10,10,0,26,26
513,D,Dc,Acerbi,Inter,10,10,0,10,10,0,28,28
2296,D,Dc,Mancini,Roma,10,10,0,10,10,0,26,26
4409,D,Dc,Rrahmani,Napoli,10,11,-1,10,11,-1,26,26
4772,D,Ds;E,Angelino,Roma,10,10,0,10,10,0,27,27
5022,D,Dc,Pavlovic,Milan,10,10,0,10,10,0,27,27
5520,D,Dd;Ds;E,Cambiaso,Juventus,10,9,1,11,10,1,34,40
554,D,E,Zappacosta,Atalanta,9,9,0,8,8,0,28,26
2602,D,Dc,Varane,Como,9,9,0,9,9,0,17,17
2640,D,B;Ds;E,Kolasinac,Atalanta,9,9,0,10,10,0,21,25
4284,D,E;M,Sergi Roberto,Como,9,9,0,9,9,0,18,18
5514,D,Ds;Dc,Vasquez,Genoa,9,9,0,10,10,0,16,18
5678,D,Dd;E,Holm,Bologna,9,9,0,9,9,0,26,26
5835,D,Dd;Dc,Baschirotto,Lecce,9,9,0,9,10,-1,20,24
5847,D,Dc,Bijol,Udinese,9,8,1,9,8,1,20,20
5877,D,E,Carlos Augusto,Inter,9,9,0,8,8,0,20,16
5885,D,Dd;E,Dodo',Fiorentina,9,9,0,9,9,0,25,25
252,D,B;Ds;E,Biraghi,Fiorentina,8,7,1,9,8,1,27,37
322,D,Dc,De Vrij,Inter,8,8,0,8,8,0,18,18
393,D,Dc,Luperto,Cagliari,8,8,0,8,8,0,14,14
787,D,Dc,Djimsiti,Atalanta,8,8,0,8,8,0,18,18
2525,D,B;Dd;E,Darmian,Inter,8,8,0,9,9,0,21,24
4210,D,Dc,Mina,Cagliari,8,8,0,8,8,0,13,13
4245,D,Dc,Smalling,Roma,8,8,0,8,8,0,12,12
4317,D,Dc,N'Dicka,Roma,8,8,0,8,8,0,20,20
4734,D,Ds;E,Miranda J.,Bologna,8,8,0,8,8,0,16,16
5449,D,Ds;E,Parisi,Fiorentina,8,8,0,8,8,0,20,20
5498,D,Dc,Casale,Lazio,8,8,0,8,8,0,15,15
5526,D,Dc,Scalvini,Atalanta,8,8,0,8,8,0,12,12
5603,D,Dc,Pongracic,Fiorentina,8,9,-1,8,9,-1,20,20
6046,D,Dc,Hien,Atalanta,8,8,0,8,8,0,21,21
6066,D,Dd;Dc,Posch,Bologna,8,8,0,9,9,0,18,21
6230,D,Dc,Dossena,Como,8,8,0,8,8,0,14,14
6257,D,Ds;E,Dorgu,Lecce,8,8,0,8,8,0,20,20
6638,D,Dc,Marin R.,Napoli,8,8,0,8,8,0,18,18
6642,D,Dc,Coco,Torino,8,8,0,8,8,0,20,20
6820,D,E,Sosa B.,Torino,8,8,0,7,7,0,16,14
226,D,Dc,Izzo,Monza,7,6,1,7,6,1,11,11
357,D,Dd;E,Calabria,Milan,7,7,0,7,7,0,13,13
2285,D,Dc,Bani,Genoa,7,7,0,7,7,0,14,14
4378,D,Ds;Dc,Ranieri L.,Fiorentina,7,7,0,8,8,0,15,16
4433,D,Dd;Ds;E,Zortea,Cagliari,7,7,0,8,8,0,16,19
4904,D,Dc,Mari',Monza,7,7,0,7,7,0,15,15
4982,D,Dc,Erlic,Bologna,7,6,1,7,6,1,17,17
5010,D,Dc,Ismajli,Empoli,7,6,1,7,6,1,9,9
5324,D,B;Dd;Ds,Godfrey,Atalanta,7,7,0,9,9,0,15,18
5435,D,Ds;E,Moreno Alb.,Como,7,7,0,7,7,0,17,17
5677,D,Dc,Perez N.,Udinese,7,7,0,7,7,0,15,15
5831,D,Dc,Gatti,Juventus,7,7,0,7,7,0,16,16
5840,D,B;Ds;E,Olivera,Napoli,7,7,0,8,8,0,16,20
6041,D,Dc,Schuurs,Torino,7,7,0,7,7,0,10,10
6042,D,Dc,Lucumi',Bologna,7,7,0,7,7,0,14,14
6202,D,Dc,Beukema,Bologna,7,7,0,7,7,0,16,16
6480,D,Dd;E,Tchatchoua,Verona,7,6,1,7,6,1,14,14
49,D,B;Ds;E,Masina,Torino,6,6,0,7,7,0,12,14
791,D,Dd;Ds;E,Sabelli,Genoa,6,6,0,7,7,0,8,10
2188,D,Dd;Ds;E,Marusic,Lazio,6,6,0,7,7,0,10,12
2263,D,Dd;E,Lazzari,Lazio,6,5,1,6,5,1,12,12
4461,D,B;Dd;E,Zappa,Cagliari,6,6,0,7,7,0,10,12
4493,D,Dc,Dawidowicz,Verona,6,5,1,6,5,1,7,7
4530,D,Ds;E,Kyriakopoulos,Monza,6,6,0,6,6,0,13,13
4994,D,B;Dd;E,Vojvoda,Torino,6,6,0,7,7,0,12,14
5527,D,Dd;E,Zanoli,Genoa,6,6,0,6,6,0,9,9
5555,D,Ds;E,Kamara H.,Udinese,6,5,1,6,5,1,13,13
5620,D,Ds;E,Tavares N.,Lazio,6,6,0,6,6,0,10,10
5739,D,Dd;Dc,De Winter,Genoa,6,6,0,6,6,0,8,10
5862,D,Ds;E,Valeri,Parma,6,6,0,6,6,0,11,11
5867,D,Dd;E,Gendrey,Lecce,6,6,0,6,6,0,12,12
6039,D,B;Ds;E,Cabal,Juventus,6,5,1,7,6,1,11,13
6426,D,E,Pedersen,Torino,6,6,0,5,5,0,12,10
6533,D,Dc,Giannetti L.,Udinese,6,4,2,6,4,2,6,6
6664,D,B;Dd;E,Delprato,Parma,6,6,0,7,7,0,14,16
256,D,Ds;Dc,Juan Jesus,Napoli,5,5,0,5,5,0,6,6
327,D,Dd;Dc,Patric,Lazio,5,5,0,5,5,0,10,12
729,D,Dd;E,Pereira P.,Monza,5,5,0,5,5,0,8,8
770,D,Ds;E,Pezzella Giu.,Empoli,5,5,0,5,5,0,7,7
1952,D,Dd;Ds;E,Zampano,Venezia,5,5,0,6,6,0,8,10
2181,D,Dc,Palomino,Cagliari,5,5,0,5,5,0,8,8
2593,D,Ds;E,Martin,Genoa,5,4,1,5,4,1,13,13
2653,D,Ds;E,Lykogiannis,Bologna,5,4,1,5,4,1,7,7
4374,D,Dc,Walukiewicz,Empoli,5,4,1,5,4,1,6,6
4385,D,E,Lazaro,Torino,5,4,1,5,4,1,8,7
4421,D,Ds;E,Augello,Cagliari,5,5,0,5,5,0,8,8
4458,D,Dd;E,Candela,Venezia,5,5,0,5,5,0,8,8
4502,D,Ds;E,Gallo,Lecce,5,5,0,5,5,0,11,11
4925,D,Ds;Dc,Carboni A.,Monza,5,5,0,6,6,0,8,9
4958,D,Ds;Dc,Caldirola,Monza,5,5,0,5,5,0,8,8
5718,D,Dc,Viti,Empoli,5,5,0,5,5,0,6,6
5833,D,Dc,Gila,Lazio,5,5,0,5,5,0,8,8
5838,D,Dd;Ds;E,Birindelli,Monza,5,5,0,5,5,0,8,9
6047,D,Dd;E,Ehizibue,Udinese,5,5,0,5,5,0,8,8
6217,D,Dc,Bisseck,Inter,5,5,0,5,5,0,11,11
6235,D,Dd;Ds;E,Kayode,Fiorentina,5,5,0,6,6,0,8,10
6485,D,Dc,Kristensen T.,Udinese,5,5,0,5,5,0,8,8
6639,D,Ds;E,Frese,Verona,5,5,0,5,5,0,7,7
6663,D,Dc,Circati,Parma,5,5,0,5,5,0,8,8
140,D,Dd;Ds;E,Hysaj,Lazio,4,4,0,5,5,0,6,8
695,D,Dc,Toloi,Atalanta,4,4,0,4,4,0,9,9
2769,D,Dc,Magnani,Verona,4,3,1,4,3,1,5,5
4401,D,Dc,Gabbia,Milan,4,4,0,4,4,0,9,9
4976,D,Dd;Dc,Kalulu,Juventus,4,4,0,5,5,0,10,12
5067,D,E,Bakker,Atalanta,4,4,0,4,3,1,9,7
5327,D,Dc,Osorio,Parma,4,4,0,4,4,0,6,6
5450,D,Dd;E,Stojanovic,Empoli,4,4,0,4,4,0,5,5
5480,D,Dd;E,Ebuehi,Empoli,4,4,0,4,4,0,6,6
5481,D,E,Mazzocchi,Napoli,4,4,0,4,4,0,12,12
5484,D,Dc,Svoboda,Venezia,4,4,0,4,4,0,6,6
5764,D,Dc,Coppola D.,Verona,4,4,0,4,4,0,8,8
6231,D,Dd;Ds;E,Azzi,Cagliari,4,4,0,5,5,0,7,8
6245,D,Dd;Dc,Vogliacco,Genoa,4,2,2,4,2,2,4,4
6464,D,Dc,Wieteska,Cagliari,4,3,1,4,3,1,4,4
6672,D,Dc,Idzes,Venezia,4,4,0,4,4,0,9,9
6673,D,B;Ds;E,Sverko,Venezia,4,4,0,5,5,0,7,9
6814,D,Dd;E,Norton-Cuffy,Genoa,4,4,0,4,4,0,5,5
142,D,E,Mario Rui,Napoli,3,3,0,3,3,0,6,6
253,D,B;Dd;Ds,D'Ambrosio,Monza,3,3,0,4,4,0,5,6
418,D,Dc,Goldaniga,Como,3,3,0,3,3,0,4,4
487,D,Dd;E,De Silvestri,Bologna,3,3,0,3,3,0,5,5
581,D,Dd;E,Faraoni,Verona,3,3,0,3,3,0,6,6
1891,D,Dd;Dc,Ceccherini,Verona,3,3,0,3,3,0,5,5
2728,D,Ds;E,Pellegrini Lu.,Lazio,3,3,0,3,3,0,6,6
4263,D,Dc,Kabasele,Udinese,3,3,0,3,3,0,4,4
4657,D,Dd;E,Celik,Roma,3,3,0,3,3,0,12,12
5307,D,Dc,Valenti,Parma,3,3,0,3,3,0,5,5
5804,D,Ds;E,Cacace,Empoli,3,3,0,3,3,0,5,5
5848,D,Dd;E,Ebosele,Udinese,3,3,0,3,3,0,4,4
6055,D,Dc,Thiaw,Milan,3,4,-1,3,4,-1,10,10
6211,D,Ds;E,Zemura,Udinese,3,3,0,3,3,0,4,4
6438,D,Dd;Dc,Hatzidiakos,Cagliari,3,3,0,3,3,0,4,4
6632,D,Dc,Gaspar K.,Lecce,3,3,0,3,3,0,12,12
6647,D,Ds;E,Dahl,Roma,3,3,0,3,3,0,8,8
6654,D,Dd;E,Iovine,Como,3,3,0,3,3,0,7,7
6665,D,Dd;Ds;E,Coulibaly W.,Parma,3,2,1,3,2,1,4,5
6806,D,Dd;Ds;Dc,Pelmard,Lecce,3,3,0,5,5,0,7,9
134,D,Ds;Dc,Barba,Como,2,1,1,2,1,1,3,3
2737,D,Dc,Bettella,Monza,2,2,0,2,2,0,3,3
4386,D,Ds;E,Sala M.,Como,2,2,0,2,2,0,6,6
5353,D,Dc,Balogh,Parma,2,1,1,2,1,1,1,1
5447,D,Dc,Altare,Venezia,2,3,-1,2,3,-1,5,5
5533,D,Dd;Dc,Djalo',Juventus,2,2,0,3,3,0,4,5
5701,D,Dc,Obert,Cagliari,2,2,0,2,2,0,3,3
6284,D,Dc,Okou,Verona,2,2,0,2,2,0,3,3
6495,D,Dc,Comuzzo,Fiorentina,2,1,1,2,1,1,1,1
6679,D,Dd;Ds;E,Esteves G.,Udinese,2,2,0,2,2,0,3,3
6681,D,Dd;E,Sagrado,Venezia,2,1,1,2,1,1,7,7
6802,D,B;Dd;E,Savona,Juventus,2,1,1,2,1,1,1,1
358,D,Dd;Ds;E,De Sciglio,Juventus,1,1,0,1,1,0,1,1
2203,D,Ds;E,Di Chiara,Parma,1,1,0,1,1,0,1,1
5695,D,Ds;E,Haps,Venezia,1,1,0,1,1,0,1,1
5812,D,Dd;E,Terracciano F.,Milan,1,1,0,1,1,0,1,1
5994,D,Ds;Dc,Ebosse,Udinese,1,1,0,1,1,0,1,1
6244,D,Dc,Matturro,Genoa,1,1,0,1,1,0,1,1
6407,D,Dd;Ds;E,Corazza,Bologna,1,1,0,1,1,0,1,1
6474,D,Dc,Sazonov,Torino,1,1,0,1,1,0,2,2
6537,D,Dd;Dc,Goglichidze,Empoli,1,1,0,1,1,0,1,1
6551,D,Dc,Ilic M.,Bologna,1,1,0,1,1,0,1,1
6612,D,Dd;Dc,Dellavalle,Torino,1,1,0,1,1,0,1,1
6631,D,Dc,Ghilardi,Verona,1,1,0,1,1,0,1,1
6637,D,Dd;E,Kovacik,Como,1,1,0,1,1,0,1,1
6649,D,Dd;E,Sangare' B.,Roma,1,1,0,1,1,0,1,1
6659,D,Dc,Lucchesi,Venezia,1,1,0,1,1,0,1,1
6660,D,Dc,Marcandalli,Genoa,1,1,0,1,1,0,1,1
6803,D,Ds;E,Rouhi,Juventus,1,1,0,1,1,0,1,1
6809,D,Dc,Marianucci,Empoli,1,1,0,1,1,0,1,1
6826,D,E,Dembele' A.,Torino,1,1,0,1,1,0,1,1
2423,C,T;A,Pulisic,Milan,29,30,-1,28,29,-1,172,165
632,C,W;A,Zaccagni,Lazio,28,27,1,27,26,1,155,155
5685,C,T,Koopmeiners,Atalanta,28,29,-1,27,28,-1,160,154
2194,C,M;C,Calhanoglu,Inter,27,28,-1,29,30,-1,152,172
536,C,W,Politano,Napoli,23,24,-1,22,23,-1,70,70
5878,C,T,Colpani,Fiorentina,23,23,0,22,22,0,94,94
530,C,C;T,Pellegrini Lo.,Roma,22,22,0,22,22,0,73,73
2167,C,W,Orsolini,Bologna,22,21,1,22,21,1,89,89
1870,C,C,Barella,Inter,21,20,1,20,19,1,75,75
4911,C,C,Douglas Luiz,Juventus,20,20,0,19,19,0,66,66
5393,C,W;A,Man,Parma,20,19,1,19,18,1,81,81
6831,C,W;A,Neres,Napoli,20,20,0,19,19,0,68,63
4199,C,C;T,Loftus-Cheek,Milan,19,19,0,19,19,0,58,58
2848,C,C;T,Frattesi,Inter,18,18,0,17,17,0,62,59
5858,C,C;T,Ferguson,Bologna,18,18,0,18,18,0,42,42
5119,C,T,Samardzic,Atalanta,17,17,0,16,16,0,53,48
2077,C,C;T,Pasalic,Atalanta,16,15,1,16,15,1,52,52
2529,C,C,Mkhitaryan,Inter,15,15,0,14,14,0,43,40
5687,C,T,Vlasic,Torino,15,15,0,14,14,0,50,42
5792,C,M;C,Ederson D.s.,Atalanta,15,15,0,18,18,0,56,65
6666,C,C;T,Bernabe',Parma,14,14,0,14,14,0,45,45
2766,C,T;A,Zaniolo,Atalanta,13,13,0,12,12,0,40,43
5688,C,W;T,Harroui,Verona,13,13,0,13,13,0,37,37
6206,C,C;T,Fabbian,Bologna,13,13,0,13,13,0,40,40
6486,C,W;T,Suslov,Verona,13,13,0,13,13,0,37,37
2741,C,M;C,Pessina,Monza,12,12,0,13,13,0,36,42
4486,C,W,Strefezza,Como,12,12,0,11,11,0,32,30
5559,C,W;T,Da Cunha,Como,12,12,0,12,12,0,32,30
6224,C,C,Reijnders,Milan,12,12,0,11,11,0,31,28
152,C,C;T,Zielinski,Inter,11,11,0,11,11,0,28,28
236,C,W,Lazovic,Verona,11,10,1,10,9,1,23,19
4427,C,C;T,Malinovskyi,Genoa,11,11,0,11,11,0,29,29
4856,C,W;A,Chukwueze,Milan,11,11,0,10,10,0,35,35
5791,C,E;M,Frendrup,Genoa,11,11,0,13,13,0,25,34
4186,C,C,Guendouzi,Lazio,10,10,0,9,9,0,18,16
4220,C,M;C,Zambo Anguissa,Napoli,10,10,0,11,11,0,19,23
4376,C,C;T,Zurkowski,Empoli,10,10,0,10,10,0,23,23
4377,C,C;T,Castrovilli,Lazio,10,10,0,10,10,0,20,20
4465,C,C;T,Fagioli,Juventus,10,10,0,9,9,0,18,18
5562,C,M;C,Thuram K.,Juventus,10,10,0,12,12,0,25,30
5564,C,W,Ndoye,Bologna,10,10,0,9,9,0,24,22
5784,C,C;T,Aebischer,Bologna,10,10,0,10,10,0,20,20
5850,C,C,Lovric,Udinese,10,10,0,10,10,0,25,23
6299,C,C;T,Le Fee,Roma,10,10,0,10,10,0,21,21
376,C,W;T,Verdi,Como,9,9,0,9,9,0,18,20
779,C,M;C,Cristante,Roma,9,9,0,10,10,0,20,22
788,C,M;C,Freuler,Bologna,9,9,0,10,10,0,19,22
2839,C,W,Sottil,Fiorentina,9,9,0,9,9,0,19,18
4287,C,M;C,Lobotka,Napoli,9,9,0,9,10,-1,16,20
4364,C,T,Gaetano,Napoli,9,9,0,8,8,0,10,10
4896,C,T;A,Maldini,Monza,9,9,0,8,8,0,16,14
4970,C,C;W,Messias,Genoa,9,9,0,9,9,0,17,17
5919,C,W,Tchaouna,Lazio,9,9,0,9,9,0,16,15
6218,C,W;T;A,Oristanio,Venezia,9,9,0,10,10,0,23,26
6634,C,W,Tete Morente,Lecce,9,9,0,8,8,0,18,16
22,C,M;C,De Roon,Atalanta,8,8,0,9,9,0,16,18
526,C,C,Duncan,Venezia,8,8,0,8,8,0,16,15
795,C,W,El Shaarawy,Roma,8,8,0,7,7,0,19,17
827,C,M;C,Locatelli,Juventus,8,8,0,9,9,0,19,22
1933,C,M;C,Mandragora,Fiorentina,8,8,0,9,9,0,16,18
1976,C,M;C,Mazzitelli,Como,8,8,0,9,9,0,18,20
2818,C,M;C,Bennacer,Milan,8,7,1,8,8,0,15,17
4342,C,M;C,Duda,Verona,8,7,1,9,8,1,16,20
4522,C,M;C,Amrabat,Fiorentina,8,8,0,8,8,0,15,15
4686,C,M;C,Fofana Y.,Milan,8,8,0,9,9,0,19,22
5007,C,C,Ilic,Torino,8,7,1,8,7,1,21,21
5453,C,M;C,Ricci S.,Torino,8,8,0,9,9,0,20,22
5823,C,T;A,Baldanzi,Roma,8,8,0,8,8,0,20,20
6481,C,C,Payero,Udinese,8,8,0,7,7,0,13,10
6645,C,T,Marchwinski,Lecce,8,8,0,7,7,0,16,13
6804,C,M;C,Richardson,Fiorentina,8,8,0,8,8,0,16,17
170,C,M;C,Badelj,Genoa,7,6,1,7,6,1,9,10
181,C,M;C,Vecino,Lazio,7,7,0,8,8,0,15,18
468,C,M;C,Paredes,Roma,7,7,0,8,8,0,16,18
1978,C,C;T,Sensi,Monza,7,7,0,7,7,0,16,16
4459,C,M;C,Rovella,Lazio,7,7,0,7,7,0,11,12
4662,C,W,Weah,Juventus,7,5,2,6,4,2,21,20
4947,C,M;C,Brescianini,Atalanta,7,4,3,8,5,3,29,34
4965,C,M;C,Marin,Cagliari,7,6,1,7,6,1,13,15
4973,C,M;C,Mckennie,Juventus,7,7,0,8,8,0,12,14
5492,C,M;C,Tessmann,Venezia,7,7,0,8,8,0,13,15
5507,C,C,Busio,Venezia,7,7,0,7,7,0,15,14
6061,C,W;T,Oudin,Lecce,7,7,0,7,7,0,12,14
6252,C,C;T,Folorunsho,Napoli,7,7,0,7,7,0,15,15
6459,C,W;A,Karlsson,Bologna,7,7,0,6,6,0,10,8
440,C,C;T,Viola,Cagliari,6,6,0,6,6,0,14,14
2172,C,T,Barak,Fiorentina,6,6,0,6,6,0,14,12
2274,C,C;T,Valoti,Monza,6,6,0,6,6,0,13,13
4423,C,C,Hernani,Parma,6,6,0,5,5,0,11,9
5319,C,C,Sohm,Parma,6,5,1,5,4,1,13,12
6592,C,W;T,Forson O.,Monza,6,6,0,6,6,0,15,15
6629,C,C;T,Dele-Bashiru,Lazio,6,5,1,6,5,1,20,20
6684,C,C;T,Ekkelenkamp,Udinese,6,6,0,6,6,0,12,12
6815,C,W;A,Fadera,Como,6,6,0,5,5,0,13,12
801,C,M;C,Gagliardini,Monza,5,5,0,6,6,0,9,11
2117,C,C;T,Kastanos,Verona,5,4,1,5,4,1,7,7
4404,C,C,Thorsby,Genoa,5,5,0,4,4,0,10,8
4498,C,C;T,Henderson L.,Empoli,5,4,1,5,4,1,8,8
4658,C,W,Ikone',Fiorentina,5,5,0,5,5,0,13,13
4890,C,M;C,Tameze,Torino,5,5,0,6,6,0,9,11
4892,C,W,Saelemaekers,Milan,5,5,0,5,5,0,12,11
4992,C,W,Gyasi,Empoli,5,5,0,5,5,0,11,10
5295,C,C;W,Musah,Milan,5,4,1,5,4,1,10,10
5423,C,M;C,Bove,Roma,5,5,0,6,6,0,10,12
5425,C,C;W;T,Urbanski,Bologna,5,5,0,6,6,0,10,11
5504,C,M;C,Coulibaly L.,Lecce,5,5,0,5,5,0,9,10
5719,C,M;C,Asllani,Inter,5,5,0,6,6,0,14,17
5875,C,M;C,Adli,Milan,5,5,0,6,6,0,10,11
5880,C,E;W,Ciurria,Monza,5,5,0,6,6,0,8,10
6394,C,M;C,Ramadani,Lecce,5,5,0,6,6,0,10,12
6458,C,M;C,Serdar,Verona,5,5,0,6,6,0,10,12
6640,C,E;W,Felici,Cagliari,5,5,0,6,6,0,12,15
6680,C,M;C,Karlstrom,Udinese,5,5,0,5,5,0,8,8
556,C,M;C,Baselli,Como,4,3,1,4,3,1,7,9
1871,C,M;C,Deiola,Cagliari,4,4,0,5,5,0,6,7
2008,C,M;C,Linetty,Torino,4,3,1,4,3,1,7,7
4711,C,E;W,Kostic,Juventus,4,4,0,5,5,0,7,9
5290,C,M;C,Estevez,Parma,4,4,0,5,5,0,10,12
5457,C,C,Maleh,Empoli,4,3,1,4,3,1,8,8
5485,C,C;W,Bjarkason,Venezia,4,4,0,4,4,0,6,6
5813,C,C;T,Miretti,Juventus,4,4,0,4,4,0,5,5
5992,C,M;C,Bondo,Monza,4,3,1,4,3,1,5,5
6010,C,C;T,Fazzini,Empoli,4,4,0,4,4,0,13,13
6170,C,C,Gineitis,Torino,4,4,0,4,4,0,12,10
6222,C,C;T,Rafia,Lecce,4,4,0,4,4,0,8,8
6225,C,M;C,El Azzouzi,Bologna,4,4,0,5,5,0,7,8
6232,C,M;C,Makoumbou,Cagliari,4,4,0,5,5,0,7,8
6424,C,M;C,Prati,Cagliari,4,4,0,5,5,0,9,11
6633,C,M;C,Pierret,Lecce,4,4,0,5,5,0,8,9
6674,C,M;C,Andersen M.k.,Venezia,4,2,2,4,2,2,13,13
6676,C,M;C,Engelhardt,Como,4,4,0,4,4,0,8,10
27,C,M;C,Grassi,Empoli,3,3,0,4,4,0,4,5
333,C,M;C,Cataldi,Lazio,3,3,0,3,3,0,7,7
1987,C,E;C,Jankto,Cagliari,3,3,0,4,4,0,6,7
4870,C,M;C,Adopo,Cagliari,3,2,1,3,2,1,3,3
5422,C,W,Zalewski,Roma,3,2,1,3,2,1,8,7
5516,C,M;C,Bianco,Fiorentina,3,2,1,3,2,1,2,2
6020,C,C;W,Ellertsson,Venezia,3,2,1,3,2,1,11,11
6054,C,M;C,Moro N.,Bologna,3,2,1,3,2,1,8,9
6212,C,M;C,Zarraga,Udinese,3,3,0,4,4,0,6,8
6562,C,M;C,Dani Silva,Verona,3,3,0,3,3,0,5,5
6579,C,W,Mitrovic S.,Verona,3,3,0,3,3,0,6,5
6656,C,M;C,Braunoder,Como,3,3,0,4,4,0,8,10
666,C,C,Machin,Monza,2,2,0,2,2,0,4,3
2161,C,M;C,Haas,Empoli,2,2,0,2,2,0,3,3
2357,C,M;C,Cyprien,Parma,2,2,0,2,2,0,2,2
5298,C,M;C,Pobega,Bologna,2,2,0,3,3,0,10,12
5421,C,C;T,Camara D.,Parma,2,1,1,2,1,1,1,1
5486,C,C,Crnigoj,Venezia,2,1,1,2,1,1,1,1
5879,C,T;A,Vignato S.,Monza,2,2,0,2,2,0,5,4
5998,C,E;W,Zerbin,Napoli,2,2,0,2,2,0,4,4
6024,C,M;C,Sulemana I.,Atalanta,2,2,0,3,3,0,4,5
6191,C,M;C,Belahyane,Verona,2,1,1,2,1,1,1,1
434,C,M;C,Jajalo,Venezia,1,1,0,1,1,0,1,1
4349,C,M;C,Nicolussi Caviglia,Venezia,1,1,0,1,1,0,4,5
5286,C,M;C,Akpa Akpro,Lazio,1,1,0,1,1,0,2,2
5725,C,M;C,Kone B.,Como,1,1,0,1,1,0,1,1
5798,C,M;C,Bohinen,Genoa,1,1,0,1,1,0,1,1
6162,C,M;C,Abildgaard,Como,1,1,0,1,1,0,2,2
6190,C,C,Pisilli,Roma,1,1,0,1,1,0,1,1
6203,C,M;C,Belardinelli,Empoli,1,1,0,1,1,0,1,1
6233,C,C,Lella,Venezia,1,1,0,1,1,0,1,1
6410,C,M;C,Kaba,Lecce,1,1,0,1,1,0,1,1
6524,C,C;T,Zeroli,Milan,1,1,0,1,1,0,1,1
6532,C,E;W,Buchanan T.,Inter,1,1,0,1,1,0,1,1
6677,C,T,Adzic,Juventus,1,1,0,1,1,0,1,1
6678,C,W;T,Liberali,Milan,1,1,0,1,1,0,1,1
6683,C,M;C,Doumbia I.,Venezia,1,1,0,1,1,0,2,2
6839,C,C;T,Byar,Bologna,1,1,0,1,1,0,1,1
2764,A,Pc,Martinez L.,Inter,40,41,-1,40,42,-2,420,425
2841,A,Pc,Vlahovic,Juventus,36,37,-1,37,38,-1,354,354
309,A,A,Dybala,Roma,34,34,0,35,35,0,285,291
4661,A,Pc,Osimhen,Napoli,34,35,-1,35,36,-1,370,375
4871,A,Pc,Thuram,Inter,33,31,2,32,30,2,260,260
6675,A,Pc,Dovbyk,Roma,31,32,-1,30,31,-1,254,250
5839,A,A,Kvaratskhelia,Napoli,28,29,-1,29,30,-1,248,248
313,A,Pc,Morata,Milan,27,26,1,27,26,1,181,177
2137,A,Pc,Scamacca,Atalanta,27,28,-1,26,27,-1,145,140
4730,A,A,Lookman,Atalanta,27,28,-1,28,29,-1,222,222
608,A,Pc,Zapata D.,Torino,26,25,1,26,25,1,168,165
5800,A,A,Gudmundsson A.,Fiorentina,26,27,-1,27,28,-1,170,175
4179,A,A,Gonzalez N.,Fiorentina,24,25,-1,25,26,-1,140,142
4510,A,A,Leao,Milan,24,25,-1,25,26,-1,189,195
6226,A,Pc,Castellanos,Lazio,22,21,1,22,21,1,105,100
6228,A,Pc,Retegui,Atalanta,22,20,2,21,19,2,145,140
6643,A,Pc,Dallinga,Bologna,22,22,0,20,21,-1,122,120
5995,A,A,De Ketelaere,Atalanta,21,21,0,21,21,0,150,150
2002,A,A,Chiesa,Juventus,20,20,0,20,20,0,65,67
2097,A,Pc,Kean,Fiorentina,20,21,-1,20,21,-1,101,96
5734,A,W;A,Soule',Roma,20,20,0,22,22,0,99,110
2038,A,Pc,Pinamonti,Genoa,18,18,0,17,17,0,83,78
441,A,Pc,Belotti,Como,17,17,0,16,16,0,75,72
2475,A,A,Sanchez,Udinese,16,16,0,16,16,0,75,75
5079,A,Pc,Pohjanpalo,Venezia,16,16,0,15,15,0,80,75
6434,A,A,Yildiz,Juventus,16,15,1,17,16,1,75,77
6435,A,Pc,Krstovic,Lecce,16,17,-1,15,16,-1,76,72
6556,A,A,Noslin,Lazio,16,16,0,16,16,0,73,78
5672,A,Pc,Dia,Lazio,15,15,0,14,14,0,66,58
6628,A,Pc,Taremi,Inter,15,15,0,14,14,0,70,65
6646,A,A,Adams C.,Torino,14,14,0,15,15,0,61,64
2544,A,Pc,Abraham,Roma,13,13,0,13,13,0,30,27
4359,A,Pc,Piccoli,Cagliari,13,13,0,12,12,0,50,42
6215,A,Pc,Lucca,Udinese,13,14,-1,12,13,-1,58,54
2012,A,Pc,Milik,Juventus,12,12,0,10,10,0,22,18
4436,A,A,Cambiaghi,Bologna,12,12,0,12,12,0,20,20
4923,A,Pc,Colombo,Empoli,12,12,0,11,11,0,42,35
5297,A,A,Luvumbo,Cagliari,12,12,0,12,12,0,38,40
5471,A,Pc,Djuric,Monza,12,12,0,12,12,0,31,27
6164,A,Pc,Vitinha O.,Genoa,12,12,0,11,11,0,79,75
6227,A,A,Okafor,Milan,12,11,1,12,11,1,21,21
6801,A,Pc,Tengstedt,Verona,12,12,0,11,11,0,23,20
2061,A,Pc,Simeone,Napoli,11,11,0,10,10,0,15,13
6398,A,W;A,Isaksen,Lazio,11,11,0,12,12,0,22,26
6409,A,A,Beltran L.,Fiorentina,11,11,0,11,11,0,28,32
479,A,Pc,Sanabria,Torino,10,10,0,9,9,0,18,18
2765,A,A,Odgaard,Bologna,10,10,0,11,11,0,13,15
4371,A,A,Raspadori,Napoli,10,11,-1,11,12,-1,22,22
5882,A,A,Mota,Monza,10,10,0,10,10,0,18,19
6630,A,Pc,Mosquera,Verona,10,8,2,9,7,2,23,20
6667,A,A,Benedyczak,Parma,10,10,0,10,10,0,20,22
1939,A,Pc,Lapadula,Cagliari,9,9,0,8,8,0,11,9
1958,A,A,Caprari,Monza,9,9,0,9,9,0,19,20
2155,A,Pc,Cutrone,Como,9,9,0,8,8,0,16,14
2369,A,A,Thauvin,Udinese,9,10,-1,9,10,-1,25,25
2438,A,Pc,Jovic,Milan,9,10,-1,9,9,0,16,15
5506,A,A,Ekuban,Genoa,9,9,0,9,9,0,10,10
6001,A,W;A,Banda,Lecce,9,9,0,10,10,0,13,16
6145,A,W;A,Ngonge,Napoli,9,9,0,10,10,0,12,16
6207,A,W;A,Almqvist,Parma,9,9,0,10,10,0,14,18
6439,A,Pc,Cheddira,Napoli,9,9,0,8,8,0,20,20
6669,A,Pc,Bonny,Parma,9,8,1,8,7,1,28,26
4268,A,Pc,Arnautovic,Inter,8,8,0,7,7,0,20,16
5322,A,W;A,Mihaila,Parma,8,8,0,9,9,0,13,17
6213,A,A,Brenner,Udinese,8,7,1,8,7,1,12,12
6572,A,Pc,Castro S.,Bologna,8,8,0,8,7,1,40,35
5637,A,Pc,Davis K.,Udinese,6,6,0,5,5,0,8,6
6644,A,Pc,Rocha Livramento,Verona,6,4,2,5,3,2,12,10
383,A,Pc,Petagna,Monza,5,5,0,3,3,0,13,10
2819,A,Pc,Caputo,Empoli,5,5,0,5,5,0,15,13
5881,A,Pc,Gytkjaer,Venezia,5,5,0,4,4,0,6,5
247,A,Pc,Pavoletti,Cagliari,4,3,1,4,3,1,5,5
2762,A,A,Kouame',Fiorentina,4,4,0,4,4,0,6,6
4463,A,A,Esposito Se.,Empoli,4,3,1,4,3,1,12,10
5500,A,W;A,Cancellieri,Parma,4,4,0,4,4,0,5,6
6119,A,A,Solbakken,Empoli,4,3,1,4,3,1,5,5
6549,A,W;A,Pierotti,Lecce,4,4,0,4,4,0,4,4
6558,A,W;A,Tavsan,Verona,4,4,0,4,4,0,4,5
6653,A,A,Bravo,Udinese,4,4,0,4,4,0,8,8
6833,A,A,Mbangula,Juventus,4,1,3,4,1,3,10,10
495,A,A,Correa,Inter,3,3,0,3,3,0,7,7
1842,A,A,Pierini,Venezia,3,3,0,3,3,0,4,4
2103,A,Pc,Pellegri,Torino,3,3,0,3,3,0,4,4
2489,A,A,Pedro,Lazio,3,3,0,3,3,0,5,5
5676,A,A,Success,Udinese,3,3,0,3,3,0,3,3
6395,A,A,Shpendi S.,Empoli,3,3,0,3,3,0,5,5
6635,A,Pc,Pizarro,Udinese,3,3,0,3,3,0,7,7
6657,A,Pc,Gabrielloni,Como,3,2,1,2,1,1,2,1
306,A,Pc,Cerri,Como,2,1,1,2,1,1,1,1
6668,A,A,Partipilo,Parma,2,2,0,2,2,0,2,2
2325,A,A,Karamoh,Torino,1,1,0,1,1,0,1,1
5436,A,Pc,Raimondo,Venezia,1,1,0,1,1,0,2,2
6418,A,Pc,Burnete,Lecce,1,1,0,1,1,0,1,1
6490,A,Pc,Cruz,Verona,1,1,0,1,1,0,1,1
6519,A,Pc,Camarda,Milan,1,1,0,1,1,0,1,1
6565,A,Pc,Ankeye,Genoa,1,1,0,1,1,0,1,1
6598,A,Pc,Mutandwa,Cagliari,1,1,0,1,1,0,2,2
6603,A,A,Joao Costa,Roma,1,1,0,1,1,0,1,1
6648,A,W;A,Jasim,Como,1,1,0,1,1,0,1,1
6670,A,Pc,Charpentier,Parma,1,1,0,1,1,0,1,1
6822,A,Pc,Ekhator,Genoa,1,1,0,1,1,0,1,1
